{"cameraMode":{"drawMode":0,"name":"Shaded","section":"Shading Mode"},"sceneLighting":false,"audioPlay":false,"sceneViewState":{"showFog":false,"showMaterialUpdate":false,"showSkybox":false,"showFlares":false,"showImageEffects":false,"showParticleSystems":false,"showVisualEffectGraphs":true,"m_FxEnabled":true},"in2DMode":false,"pivot":{"x":-0.2156275510787964,"y":0.43570202589035036,"z":0.33459514379501345},"rotation":{"x":0.16241410374641419,"y":0.5911627411842346,"z":0.12304186075925827,"w":-0.7804206609725952},"size":0.47633540630340578,"orthographic":false}