{"cameraMode":{"drawMode":0,"name":"Shaded","section":"Shading Mode"},"sceneLighting":false,"audioPlay":false,"sceneViewState":{"showFog":false,"showMaterialUpdate":false,"showSkybox":false,"showFlares":false,"showImageEffects":false,"showParticleSystems":false,"showVisualEffectGraphs":true,"m_FxEnabled":true},"in2DMode":false,"pivot":{"x":-0.19917485117912293,"y":0.279812753200531,"z":-0.16261792182922364},"rotation":{"x":-0.08378130942583084,"y":0.8907666802406311,"z":-0.18317829072475434,"w":-0.40746423602104189},"size":1.7105162143707276,"orthographic":false}