{"cameraMode":{"drawMode":0,"name":"Shaded","section":"Shading Mode"},"sceneLighting":false,"audioPlay":false,"sceneViewState":{"showFog":false,"showMaterialUpdate":false,"showSkybox":false,"showFlares":false,"showImageEffects":false,"showParticleSystems":false,"showVisualEffectGraphs":true,"m_FxEnabled":true},"in2DMode":false,"pivot":{"x":0.10999822616577149,"y":1.0859220027923585,"z":0.33143383264541628},"rotation":{"x":-0.0021010900381952526,"y":0.9980306029319763,"z":-0.04374871775507927,"w":-0.046454738825559619},"size":1.2482545375823975,"orthographic":false}