{"cameraMode":{"drawMode":0,"name":"Shaded","section":"Shading Mode"},"sceneLighting":true,"audioPlay":false,"sceneViewState":{"showFog":true,"showMaterialUpdate":false,"showSkybox":true,"showFlares":true,"showImageEffects":true,"showParticleSystems":true,"showVisualEffectGraphs":true,"m_FxEnabled":true},"in2DMode":false,"pivot":{"x":28.461692810058595,"y":1.9218885898590088,"z":3.2526588439941408},"rotation":{"x":-0.10324929654598236,"y":0.8185849189758301,"z":-0.15557792782783509,"w":-0.5433130264282227},"size":2.5083773136138918,"orthographic":false}