{"cameraMode":{"drawMode":0,"name":"Shaded","section":"Shading Mode"},"sceneLighting":true,"audioPlay":false,"sceneViewState":{"showFog":true,"showMaterialUpdate":false,"showSkybox":true,"showFlares":true,"showImageEffects":true,"showParticleSystems":true,"showVisualEffectGraphs":true,"m_FxEnabled":true},"in2DMode":false,"pivot":{"x":15.65108585357666,"y":2.7860774993896486,"z":5.460033416748047},"rotation":{"x":0.046792253851890567,"y":-0.015546268783509732,"z":0.0006266880664043129,"w":0.9988475441932678},"size":17.74741554260254,"orthographic":false}