{"cameraMode":{"drawMode":0,"name":"Shaded","section":"Shading Mode"},"sceneLighting":false,"audioPlay":false,"sceneViewState":{"showFog":false,"showMaterialUpdate":false,"showSkybox":false,"showFlares":false,"showImageEffects":false,"showParticleSystems":false,"showVisualEffectGraphs":true,"m_FxEnabled":true},"in2DMode":false,"pivot":{"x":-0.22918182611465455,"y":0.46217256784439089,"z":-0.06353706121444702},"rotation":{"x":0.02950134687125683,"y":0.8233926296234131,"z":0.043026022613048556,"w":-0.5651470422744751},"size":0.4575899839401245,"orthographic":false}